epoch,time,train/box_loss,train/cls_loss,train/dfl_loss,metrics/precision(B),metrics/recall(B),metrics/mAP50(B),metrics/mAP50-95(B),val/box_loss,val/cls_loss,val/dfl_loss,lr/pg0,lr/pg1,lr/pg2
1,13.9031,1.47332,3.00635,1.51344,0.03636,0.16148,0.01129,0.00773,nan,nan,nan,0.00046,0.00046,0.00046
2,26.0657,1.50361,2.22445,1.58572,7e-05,0.00389,3e-05,1e-05,nan,nan,nan,0.000930694,0.000930694,0.000930694
3,38.0011,1.65056,2.04912,1.69154,0.0012,0.01556,0.00062,0.00021,nan,nan,nan,0.00139188,0.00139188,0.00139188
4,49.8214,1.72806,2.17155,1.74159,0,0,0,0,nan,nan,nan,0.00184357,0.00184357,0.00184357
5,61.5353,1.63192,1.96843,1.63587,0.00294,0.09144,0.00161,0.00072,4.13286,20.8166,5.54849,0.0019208,0.0019208,0.0019208
6,73.1111,1.51087,1.76669,1.55152,0.0238,0.02724,0.00266,0.00094,3.0159,8.2598,2.65168,0.001901,0.001901,0.001901
7,84.7543,1.43222,1.69012,1.51179,0.14533,0.09533,0.06406,0.0334,3.20321,6.45276,3.60016,0.0018812,0.0018812,0.0018812
8,96.6479,1.37912,1.67584,1.49405,0.47498,0.27633,0.26575,0.17308,2.72002,nan,3.08532,0.0018614,0.0018614,0.0018614
9,108.847,1.32445,1.57433,1.42459,0.33039,0.13035,0.10278,0.06062,3.03209,6.36942,3.62994,0.0018416,0.0018416,0.0018416
10,120.675,1.37871,1.62562,1.48449,0.61056,0.30502,0.37676,0.22864,2.21229,6.25009,2.53589,0.0018218,0.0018218,0.0018218
11,132.669,1.32586,1.50921,1.42796,0.49331,0.49222,0.4755,0.31586,1.60088,5.01933,1.99617,0.001802,0.001802,0.001802
12,144.68,1.30014,1.50504,1.4078,0.54928,0.44575,0.45821,0.26024,1.92394,3.87232,2.16042,0.0017822,0.0017822,0.0017822
13,156.27,1.23068,1.42072,1.36063,0.65325,0.54669,0.57837,0.3722,1.7995,2.88647,2.26992,0.0017624,0.0017624,0.0017624
14,168.359,1.26463,1.36482,1.40004,0.56402,0.54475,0.55765,0.36368,1.58082,2.1531,2.00164,0.0017426,0.0017426,0.0017426
15,179.882,1.21171,1.34126,1.37616,0.61809,0.4471,0.51929,0.32145,1.62066,3.0749,1.9882,0.0017228,0.0017228,0.0017228
16,191.706,1.25615,1.39744,1.40438,0.69799,0.56615,0.61917,0.43155,1.51784,2.55182,1.91056,0.001703,0.001703,0.001703
17,203.755,1.18554,1.34139,1.35118,0.71331,0.5615,0.62866,0.41788,1.54357,2.15643,1.92745,0.0016832,0.0016832,0.0016832
18,215.532,1.12178,1.18037,1.30275,0.58449,0.50584,0.56584,0.37854,1.52086,1.94413,1.89432,0.0016634,0.0016634,0.0016634
19,227.137,1.13804,1.23018,1.34156,0.64755,0.37938,0.42569,0.27878,1.65122,3.07413,2.06916,0.0016436,0.0016436,0.0016436
20,238.874,1.18173,1.26575,1.32253,0.6239,0.63256,0.62759,0.4153,1.27999,1.89835,1.67038,0.0016238,0.0016238,0.0016238
21,250.546,1.15972,1.22019,1.30606,0.69593,0.63673,0.69669,0.45613,1.26623,1.55795,1.66741,0.001604,0.001604,0.001604
22,262.472,1.10057,1.09933,1.2563,0.72246,0.60895,0.68557,0.46148,1.23866,1.52123,1.59349,0.0015842,0.0015842,0.0015842
23,274.303,1.13453,1.15667,1.28878,0.64691,0.66732,0.71684,0.48003,1.28365,1.47159,1.69031,0.0015644,0.0015644,0.0015644
24,286.14,1.10494,1.14397,1.3006,0.67333,0.6537,0.70648,0.47991,1.21141,1.54899,1.56759,0.0015446,0.0015446,0.0015446
25,297.727,1.10381,1.14607,1.30364,0.69822,0.5856,0.65217,0.44609,1.4046,1.70996,1.73082,0.0015248,0.0015248,0.0015248
26,309.803,1.08004,1.13831,1.28727,0.60272,0.49222,0.54348,0.37577,1.47757,1.97233,1.76878,0.001505,0.001505,0.001505
27,321.769,1.07837,1.1199,1.25618,0.68401,0.61066,0.6505,0.44578,1.44646,1.79992,1.74394,0.0014852,0.0014852,0.0014852
28,333.743,1.05812,1.0817,1.26662,0.77775,0.64981,0.74529,0.5095,1.20552,1.40272,1.52709,0.0014654,0.0014654,0.0014654
29,346.073,1.01186,1.04294,1.26206,0.69085,0.65175,0.72065,0.4964,1.1716,1.3652,1.5781,0.0014456,0.0014456,0.0014456
30,358.004,1.03569,1.05184,1.2443,0.72131,0.64397,0.73031,0.49274,1.28426,1.47705,1.70003,0.0014258,0.0014258,0.0014258
31,370.015,1.03539,1.01672,1.24645,0.75074,0.65041,0.74597,0.53194,1.07677,1.29673,1.45403,0.001406,0.001406,0.001406
32,382.376,1.03787,0.9873,1.23813,0.79155,0.70039,0.77272,0.56306,1.07829,1.5405,1.47566,0.0013862,0.0013862,0.0013862
33,394.828,1.00471,0.9746,1.23137,0.79092,0.71389,0.80525,0.57228,1.07997,1.2561,1.46774,0.0013664,0.0013664,0.0013664
34,407.172,0.99141,0.9611,1.20705,0.76375,0.69814,0.77509,0.54226,1.1736,1.26679,1.51962,0.0013466,0.0013466,0.0013466
35,419.134,0.98585,0.93035,1.21234,0.71172,0.72763,0.77504,0.54369,1.1047,1.2554,1.49483,0.0013268,0.0013268,0.0013268
36,431.138,0.95485,0.90122,1.18841,0.79406,0.72568,0.79609,0.57485,1.0814,1.00249,1.50272,0.001307,0.001307,0.001307
37,443.535,0.95858,0.87019,1.18098,0.78963,0.73028,0.788,0.56016,1.11807,1.21265,1.52513,0.0012872,0.0012872,0.0012872
38,455.477,0.98961,0.93703,1.21314,0.82695,0.72763,0.80936,0.58061,1.04171,1.04796,1.46276,0.0012674,0.0012674,0.0012674
39,467.813,0.93721,0.88726,1.18865,0.8258,0.71401,0.81904,0.59662,1.00858,1.02097,1.43105,0.0012476,0.0012476,0.0012476
40,480.107,0.93968,0.88359,1.19485,0.73306,0.69989,0.7485,0.53711,1.13196,1.19266,1.53673,0.0012278,0.0012278,0.0012278
41,492.057,0.94174,0.9194,1.19508,0.78754,0.72179,0.79034,0.57599,1.08274,1.20465,1.49066,0.001208,0.001208,0.001208
42,504.162,0.93659,0.86527,1.18454,0.74559,0.76654,0.80024,0.57806,1.09576,1.0625,1.46945,0.0011882,0.0011882,0.0011882
43,516.196,0.90954,0.88978,1.17819,0.82918,0.7272,0.82568,0.59775,1.00894,0.92908,1.40754,0.0011684,0.0011684,0.0011684
44,528.544,0.9508,0.9011,1.20446,0.77094,0.7661,0.81044,0.5972,1.04796,1.01513,1.48474,0.0011486,0.0011486,0.0011486
45,540.436,0.9297,0.83814,1.17908,0.81441,0.74903,0.8242,0.59163,1.06304,1.06619,1.46999,0.0011288,0.0011288,0.0011288
46,552.38,0.95182,0.86316,1.20688,0.85669,0.73541,0.83308,0.58722,1.05414,0.98717,1.47671,0.001109,0.001109,0.001109
47,564.394,0.89854,0.82062,1.16519,0.80194,0.72473,0.81268,0.5861,1.09521,1.02287,1.49123,0.0010892,0.0010892,0.0010892
48,576.469,0.90443,0.79929,1.15801,0.7787,0.76671,0.81627,0.5846,1.03809,1.02535,1.4268,0.0010694,0.0010694,0.0010694
49,588.468,0.92626,0.86604,1.18224,0.75611,0.78405,0.82056,0.59508,1.03882,1.01365,1.41928,0.0010496,0.0010496,0.0010496
50,600.271,0.89768,0.82486,1.15786,0.83812,0.78988,0.85061,0.62639,0.98987,0.91245,1.38218,0.0010298,0.0010298,0.0010298
51,612.486,0.86343,0.80621,1.12833,0.83148,0.79961,0.85894,0.63607,0.97713,0.86484,1.41088,0.00101,0.00101,0.00101
52,624.561,0.88036,0.80579,1.15108,0.85041,0.76317,0.84698,0.63552,0.93674,0.85256,1.37574,0.0009902,0.0009902,0.0009902
53,636.677,0.83393,0.73411,1.12171,0.81586,0.76848,0.83963,0.62286,0.93046,0.85994,1.36081,0.0009704,0.0009704,0.0009704
54,648.69,0.8595,0.76376,1.14094,0.87138,0.72957,0.83095,0.61186,1.04017,0.86939,1.45805,0.0009506,0.0009506,0.0009506
55,660.599,0.8898,0.77148,1.14403,0.84748,0.77043,0.84946,0.61748,0.96717,0.81405,1.37179,0.0009308,0.0009308,0.0009308
56,672.532,0.87982,0.81153,1.15657,0.82197,0.7393,0.83197,0.60939,0.99618,0.90752,1.42161,0.000911,0.000911,0.000911
57,684.719,0.826,0.74234,1.12311,0.8235,0.8035,0.85383,0.63009,0.93097,0.86698,1.35317,0.0008912,0.0008912,0.0008912
58,696.866,0.82832,0.73327,1.13535,0.80974,0.78988,0.83566,0.63312,0.93514,0.81024,1.37701,0.0008714,0.0008714,0.0008714
59,709.119,0.80107,0.7114,1.10338,0.8286,0.79183,0.86373,0.65215,0.92267,0.83563,1.34946,0.0008516,0.0008516,0.0008516
60,721.484,0.8306,0.79505,1.14416,0.8769,0.76222,0.85618,0.64535,0.91812,0.84888,1.3454,0.0008318,0.0008318,0.0008318
61,733.479,0.84162,0.77621,1.14316,0.8776,0.75292,0.85685,0.63714,0.91012,0.85895,1.34433,0.000812,0.000812,0.000812
62,745.527,0.85953,0.76366,1.1371,0.83886,0.72923,0.82262,0.60429,0.94606,0.90863,1.35099,0.0007922,0.0007922,0.0007922
63,757.603,0.79503,0.72089,1.10378,0.85694,0.77626,0.84221,0.62563,0.9031,0.83522,1.30657,0.0007724,0.0007724,0.0007724
64,769.747,0.82681,0.76012,1.11678,0.84715,0.77634,0.84957,0.63264,0.91496,0.82464,1.33658,0.0007526,0.0007526,0.0007526
65,781.799,0.78954,0.68461,1.08651,0.82381,0.81323,0.86332,0.65918,0.86975,0.73443,1.29905,0.0007328,0.0007328,0.0007328
66,794.165,0.80617,0.70287,1.09435,0.82266,0.77626,0.84245,0.63532,0.89878,0.85568,1.30461,0.000713,0.000713,0.000713
67,806.286,0.78424,0.69362,1.09618,0.88783,0.76995,0.86073,0.66285,0.82917,0.7139,1.26543,0.0006932,0.0006932,0.0006932
68,818.66,0.78536,0.71958,1.1121,0.86095,0.73735,0.83723,0.6378,0.88084,0.81454,1.30802,0.0006734,0.0006734,0.0006734
69,830.71,0.79515,0.71562,1.12431,0.85724,0.74766,0.83775,0.64235,0.85224,0.80801,1.28437,0.0006536,0.0006536,0.0006536
70,842.75,0.74454,0.63241,1.07186,0.82691,0.80861,0.8602,0.6623,0.8629,0.74651,1.30147,0.0006338,0.0006338,0.0006338
71,854.774,0.75176,0.65226,1.07396,0.84779,0.78794,0.86539,0.66592,0.85295,0.71702,1.29435,0.000614,0.000614,0.000614
72,866.973,0.73361,0.64635,1.08393,0.8877,0.77821,0.87403,0.66813,0.84259,0.69944,1.31546,0.0005942,0.0005942,0.0005942
73,879.259,0.70792,0.6209,1.05709,0.86689,0.79823,0.86723,0.66761,0.86129,0.72051,1.30764,0.0005744,0.0005744,0.0005744
74,891.502,0.78359,0.6708,1.12043,0.85537,0.80542,0.86964,0.65918,0.88427,0.71091,1.33231,0.0005546,0.0005546,0.0005546
75,903.606,0.72801,0.64904,1.08102,0.83466,0.82685,0.86959,0.6715,0.86221,0.6922,1.30571,0.0005348,0.0005348,0.0005348
76,916.07,0.75144,0.64413,1.07813,0.89758,0.74708,0.86813,0.67143,0.84335,0.67725,1.27262,0.000515,0.000515,0.000515
77,928.092,0.73477,0.62189,1.08539,0.83092,0.83184,0.86878,0.67476,0.81429,0.68815,1.2548,0.0004952,0.0004952,0.0004952
78,940.363,0.76398,0.62833,1.08356,0.85369,0.80156,0.86651,0.65824,0.81451,0.74711,1.26427,0.0004754,0.0004754,0.0004754
79,952.499,0.76924,0.64063,1.08535,0.87594,0.79767,0.86015,0.65571,0.86606,0.70721,1.30986,0.0004556,0.0004556,0.0004556
80,964.602,0.73974,0.61736,1.07944,0.84859,0.81518,0.86851,0.6653,0.81473,0.70962,1.27501,0.0004358,0.0004358,0.0004358
81,976.672,0.74412,0.63694,1.0803,0.88967,0.78016,0.87052,0.66975,0.80815,0.69534,1.26299,0.000416,0.000416,0.000416
82,988.891,0.70965,0.61394,1.06811,0.85177,0.82728,0.87732,0.67943,0.77525,0.6528,1.23282,0.0003962,0.0003962,0.0003962
83,1001.35,0.69758,0.57215,1.05886,0.86863,0.81712,0.8757,0.68423,0.78814,0.65331,1.24007,0.0003764,0.0003764,0.0003764
84,1013.73,0.72917,0.61411,1.0739,0.87839,0.81712,0.8774,0.68318,0.80692,0.64659,1.26421,0.0003566,0.0003566,0.0003566
85,1025.67,0.70078,0.58624,1.04706,0.88276,0.79767,0.88582,0.6841,0.80906,0.64952,1.28718,0.0003368,0.0003368,0.0003368
86,1037.78,0.72603,0.59842,1.06264,0.87592,0.8035,0.87975,0.68144,0.80249,0.65022,1.25295,0.000317,0.000317,0.000317
87,1049.95,0.7029,0.5963,1.05616,0.8764,0.80007,0.87584,0.68196,0.7867,0.65692,1.23078,0.0002972,0.0002972,0.0002972
88,1062.03,0.69499,0.58617,1.06367,0.89369,0.8035,0.88643,0.689,0.77026,0.61624,1.22634,0.0002774,0.0002774,0.0002774
89,1074.48,0.66552,0.57165,1.03842,0.90761,0.78357,0.88415,0.69505,0.7656,0.61754,1.23028,0.0002576,0.0002576,0.0002576
90,1086.84,0.68046,0.55676,1.05785,0.83222,0.83463,0.87955,0.69098,0.79373,0.62277,1.24541,0.0002378,0.0002378,0.0002378
91,1112.18,0.68956,0.60658,1.05335,0.87111,0.79961,0.87052,0.67701,0.8071,0.63526,1.24628,0.000218,0.000218,0.000218
92,1124.28,0.65905,0.55482,1.06937,0.86511,0.81103,0.86534,0.67411,0.81572,0.63486,1.25337,0.0001982,0.0001982,0.0001982
93,1136.26,0.65468,0.56303,1.02228,0.85248,0.81518,0.87189,0.68462,0.78884,0.61969,1.25196,0.0001784,0.0001784,0.0001784
94,1148.25,0.65671,0.56423,1.0434,0.84799,0.83074,0.87536,0.68677,0.78847,0.62904,1.26682,0.0001586,0.0001586,0.0001586
95,1160.2,0.60764,0.51858,1.0189,0.86439,0.81712,0.87585,0.68694,0.77986,0.61172,1.24234,0.0001388,0.0001388,0.0001388
96,1172.23,0.63737,0.52607,1.02607,0.90499,0.79572,0.87602,0.69407,0.76287,0.61421,1.23358,0.000119,0.000119,0.000119
97,1184.19,0.60967,0.54352,1.00499,0.90757,0.78988,0.87413,0.69634,0.76116,0.60574,1.24794,9.92e-05,9.92e-05,9.92e-05
98,1196.5,0.6115,0.5198,0.9981,0.88591,0.8007,0.87412,0.69334,0.75879,0.59351,1.24425,7.94e-05,7.94e-05,7.94e-05
99,1208.49,0.58525,0.51495,0.99047,0.88506,0.80934,0.87483,0.69442,0.75073,0.59234,1.23764,5.96e-05,5.96e-05,5.96e-05
100,1220.47,0.62279,0.51323,1.01767,0.87132,0.81677,0.87409,0.69522,0.74602,0.59192,1.2331,3.98e-05,3.98e-05,3.98e-05
